id,symptom,question,answer,recommend_supplement,recommend_action
1,피로감,아침에 일어나도 계속 피곤한데 어떤 영양제가 도움될까요?,에너지 대사에 필요한 비타민B군과 마그네슘이 부족할 수 있습니다. 또한 미토콘드리아 기능 저하가 만성 피로의 원인이 될 수 있습니다.,"철분, 비타민C",수면 7~8시간 유지
2,피로감,오후만 되면 기력이 떨어지는데 개선 방법이 있을까요?,근육 회복과 에너지 생성을 돕는 코엔자임Q10과 L-카르니틴이 도움이 됩니다. 충분한 수면과 규칙적인 운동도 중요합니다.,"비타민B콤플렉스, 비타민C, 아연","햇빛 20분, 카페인 줄이기"
3,피로감,운동 후 회복이 너무 느린 것 같아요. 어떤 보충제가 좋을까요?,철분 부족으로 인한 산소 운반 능력 저하가 피로의 원인일 수 있습니다. 비타민C와 함께 섭취하면 흡수율이 높아집니다.,"마그네슘, 비타민B콤플렉스","수면 7~8시간 유지, 햇빛 20분"
4,피로감,만성 피로로 일상생활이 힘든데 어떻게 해야 하나요?,에너지 대사에 필요한 비타민B군과 마그네슘이 부족할 수 있습니다. 또한 미토콘드리아 기능 저하가 만성 피로의 원인이 될 수 있습니다.,"철분, 비타민B콤플렉스, 코엔자임Q10",규칙적인 운동 30분
5,피로감,충분히 자도 피곤한 이유가 뭘까요?,근육 회복과 에너지 생성을 돕는 코엔자임Q10과 L-카르니틴이 도움이 됩니다. 충분한 수면과 규칙적인 운동도 중요합니다.,"마그네슘, 비타민D","햇빛 20분, 수면 7~8시간 유지"
6,피로감,업무 중 집중력이 떨어지고 피곤해요.,철분 부족으로 인한 산소 운반 능력 저하가 피로의 원인일 수 있습니다. 비타민C와 함께 섭취하면 흡수율이 높아집니다.,"코엔자임Q10, 비타민C, 비타민B콤플렉스","카페인 줄이기, 규칙적인 운동 30분"
7,피로감,피로 회복에 도움되는 영양제 추천 부탁드립니다.,에너지 대사에 필요한 비타민B군과 마그네슘이 부족할 수 있습니다. 또한 미토콘드리아 기능 저하가 만성 피로의 원인이 될 수 있습니다.,"비타민C, 철분",햇빛 20분
8,피로감,아침에 일어나도 계속 피곤한데 어떤 영양제가 도움될까요?,근육 회복과 에너지 생성을 돕는 코엔자임Q10과 L-카르니틴이 도움이 됩니다. 충분한 수면과 규칙적인 운동도 중요합니다.,"철분, 코엔자임Q10, 비타민B콤플렉스","수면 7~8시간 유지, 규칙적인 운동 30분"
9,피로감,오후만 되면 기력이 떨어지는데 개선 방법이 있을까요?,철분 부족으로 인한 산소 운반 능력 저하가 피로의 원인일 수 있습니다. 비타민C와 함께 섭취하면 흡수율이 높아집니다.,"코엔자임Q10, L-카르니틴, 비타민D",스트레칭
10,피로감,운동 후 회복이 너무 느린 것 같아요. 어떤 보충제가 좋을까요?,에너지 대사에 필요한 비타민B군과 마그네슘이 부족할 수 있습니다. 또한 미토콘드리아 기능 저하가 만성 피로의 원인이 될 수 있습니다.,"L-카르니틴, 아연",카페인 줄이기
11,피로감,만성 피로로 일상생활이 힘든데 어떻게 해야 하나요?,근육 회복과 에너지 생성을 돕는 코엔자임Q10과 L-카르니틴이 도움이 됩니다. 충분한 수면과 규칙적인 운동도 중요합니다.,"아연, L-카르니틴","스트레칭, 햇빛 20분"
12,피로감,충분히 자도 피곤한 이유가 뭘까요?,철분 부족으로 인한 산소 운반 능력 저하가 피로의 원인일 수 있습니다. 비타민C와 함께 섭취하면 흡수율이 높아집니다.,"아연, 코엔자임Q10",카페인 줄이기
13,피로감,업무 중 집중력이 떨어지고 피곤해요.,에너지 대사에 필요한 비타민B군과 마그네슘이 부족할 수 있습니다. 또한 미토콘드리아 기능 저하가 만성 피로의 원인이 될 수 있습니다.,"비타민B콤플렉스, 아연, L-카르니틴",수면 7~8시간 유지
14,피로감,피로 회복에 도움되는 영양제 추천 부탁드립니다.,근육 회복과 에너지 생성을 돕는 코엔자임Q10과 L-카르니틴이 도움이 됩니다. 충분한 수면과 규칙적인 운동도 중요합니다.,"L-카르니틴, 비타민C, 비타민B콤플렉스","스트레칭, 수면 7~8시간 유지"
15,피로감,아침에 일어나도 계속 피곤한데 어떤 영양제가 도움될까요?,철분 부족으로 인한 산소 운반 능력 저하가 피로의 원인일 수 있습니다. 비타민C와 함께 섭취하면 흡수율이 높아집니다.,"아연, 비타민C, 코엔자임Q10","규칙적인 운동 30분, 카페인 줄이기"
16,두통,편두통이 자주 발생하는데 완화 방법이 있을까요?,"긴장성 두통은 마그네슘 부족과 관련이 있으며, 혈관 확장으로 인한 편두통은 리보플라빈과 코큐텐이 도움이 됩니다.","코큐텐, 리보플라빈(B2)",규칙적인 휴식
17,두통,목과 어깨 결림으로 두통이 생기는데 어떻게 해야 하나요?,목과 어깨 근육 긴장으로 인한 두통은 마그네슘 보충과 스트레칭으로 완화될 수 있습니다.,"리보플라빈(B2), 은행잎추출물, 마그네슘",온찜질
18,두통,긴장성 두통으로 고생 중인데 도움될 영양제가 있나요?,뇌혈류 개선을 위한 은행잎 추출물과 오메가3가 두통 빈도를 줄이는 데 도움이 됩니다.,"코큐텐, 리보플라빈(B2)","규칙적인 휴식, 블루라이트 차단"
19,두통,컴퓨터 작업 후 머리가 아픈데 예방할 수 있나요?,"긴장성 두통은 마그네슘 부족과 관련이 있으며, 혈관 확장으로 인한 편두통은 리보플라빈과 코큐텐이 도움이 됩니다.","리보플라빈(B2), 코큐텐, 마그네슘","규칙적인 휴식, 충분한 수분 섭취"
20,두통,스트레스 받으면 두통이 심해지는데 관리 방법 알려주세요.,목과 어깨 근육 긴장으로 인한 두통은 마그네슘 보충과 스트레칭으로 완화될 수 있습니다.,"오메가3, 코큐텐",온찜질
21,두통,두통약을 자주 먹는데 다른 방법이 없을까요?,뇌혈류 개선을 위한 은행잎 추출물과 오메가3가 두통 빈도를 줄이는 데 도움이 됩니다.,"리보플라빈(B2), 코큐텐","규칙적인 휴식, 충분한 수분 섭취"
22,두통,날씨 변화에 두통이 생기는데 왜 그런가요?,"긴장성 두통은 마그네슘 부족과 관련이 있으며, 혈관 확장으로 인한 편두통은 리보플라빈과 코큐텐이 도움이 됩니다.","은행잎추출물, 리보플라빈(B2)","규칙적인 휴식, 충분한 수분 섭취"
23,두통,편두통이 자주 발생하는데 완화 방법이 있을까요?,목과 어깨 근육 긴장으로 인한 두통은 마그네슘 보충과 스트레칭으로 완화될 수 있습니다.,"리보플라빈(B2), 마그네슘","규칙적인 휴식, 블루라이트 차단"
24,두통,목과 어깨 결림으로 두통이 생기는데 어떻게 해야 하나요?,뇌혈류 개선을 위한 은행잎 추출물과 오메가3가 두통 빈도를 줄이는 데 도움이 됩니다.,"코큐텐, 리보플라빈(B2)",목 스트레칭
25,두통,긴장성 두통으로 고생 중인데 도움될 영양제가 있나요?,"긴장성 두통은 마그네슘 부족과 관련이 있으며, 혈관 확장으로 인한 편두통은 리보플라빈과 코큐텐이 도움이 됩니다.","오메가3, 은행잎추출물, 마그네슘","충분한 수분 섭취, 블루라이트 차단"
26,두통,컴퓨터 작업 후 머리가 아픈데 예방할 수 있나요?,목과 어깨 근육 긴장으로 인한 두통은 마그네슘 보충과 스트레칭으로 완화될 수 있습니다.,"오메가3, 은행잎추출물, 리보플라빈(B2)","블루라이트 차단, 온찜질"
27,두통,스트레스 받으면 두통이 심해지는데 관리 방법 알려주세요.,뇌혈류 개선을 위한 은행잎 추출물과 오메가3가 두통 빈도를 줄이는 데 도움이 됩니다.,"은행잎추출물, 마그네슘","온찜질, 규칙적인 휴식"
28,두통,두통약을 자주 먹는데 다른 방법이 없을까요?,"긴장성 두통은 마그네슘 부족과 관련이 있으며, 혈관 확장으로 인한 편두통은 리보플라빈과 코큐텐이 도움이 됩니다.","은행잎추출물, 마그네슘",규칙적인 휴식
29,두통,날씨 변화에 두통이 생기는데 왜 그런가요?,목과 어깨 근육 긴장으로 인한 두통은 마그네슘 보충과 스트레칭으로 완화될 수 있습니다.,"리보플라빈(B2), 은행잎추출물, 코큐텐","온찜질, 충분한 수분 섭취"
30,두통,편두통이 자주 발생하는데 완화 방법이 있을까요?,뇌혈류 개선을 위한 은행잎 추출물과 오메가3가 두통 빈도를 줄이는 데 도움이 됩니다.,"오메가3, 코큐텐","블루라이트 차단, 규칙적인 휴식"
31,스트레스,업무 스트레스가 심한데 긴장을 풀 수 있는 방법이 있을까요?,코티솔 호르몬 균형과 신경 안정을 위해 아슈와간다와 L-테아닌이 효과적입니다. 적응소(adaptogen) 성분이 스트레스 반응을 조절합니다.,"마그네슘, 비타민B6","취미 활동, 충분한 수면"
32,스트레스,불안하고 예민해서 잠이 안 오는데 어떤 영양제가 좋을까요?,GABA와 마그네슘은 신경 전달물질로 작용하여 불안감을 줄이고 긴장을 완화하는 데 도움이 됩니다.,"로디올라, L-테아닌, 비타민B6","취미 활동, 규칙적인 운동"
33,스트레스,스트레스로 소화가 안 되는데 개선 방법이 있나요?,"비타민B6와 아연은 세로토닌 합성에 필요하며, 감정 조절과 스트레스 대응력 향상에 중요합니다.","아연, 로디올라","명상 10분, 규칙적인 운동"
34,스트레스,감정 기복이 심한데 안정에 도움되는 성분이 있나요?,코티솔 호르몬 균형과 신경 안정을 위해 아슈와간다와 L-테아닌이 효과적입니다. 적응소(adaptogen) 성분이 스트레스 반응을 조절합니다.,"아슈와간다, L-테아닌, GABA",취미 활동
35,스트레스,긴장을 자주 해서 몸이 경직되는데 완화 방법 알려주세요.,GABA와 마그네슘은 신경 전달물질로 작용하여 불안감을 줄이고 긴장을 완화하는 데 도움이 됩니다.,"비타민B6, 로디올라","취미 활동, 명상 10분"
36,스트레스,시험이나 발표 전에 긴장을 덜 할 수 있는 방법이 있나요?,"비타민B6와 아연은 세로토닌 합성에 필요하며, 감정 조절과 스트레스 대응력 향상에 중요합니다.","로디올라, 마그네슘",명상 10분
37,스트레스,스트레스성 두통과 소화불량이 동시에 오는데 어떻게 하나요?,코티솔 호르몬 균형과 신경 안정을 위해 아슈와간다와 L-테아닌이 효과적입니다. 적응소(adaptogen) 성분이 스트레스 반응을 조절합니다.,"아연, 아슈와간다, 로디올라",충분한 수면
38,스트레스,업무 스트레스가 심한데 긴장을 풀 수 있는 방법이 있을까요?,GABA와 마그네슘은 신경 전달물질로 작용하여 불안감을 줄이고 긴장을 완화하는 데 도움이 됩니다.,"아연, 로디올라, GABA","규칙적인 운동, 심호흡 5분"
39,스트레스,불안하고 예민해서 잠이 안 오는데 어떤 영양제가 좋을까요?,"비타민B6와 아연은 세로토닌 합성에 필요하며, 감정 조절과 스트레스 대응력 향상에 중요합니다.","로디올라, 아슈와간다, 비타민B6","규칙적인 운동, 취미 활동"
40,스트레스,스트레스로 소화가 안 되는데 개선 방법이 있나요?,코티솔 호르몬 균형과 신경 안정을 위해 아슈와간다와 L-테아닌이 효과적입니다. 적응소(adaptogen) 성분이 스트레스 반응을 조절합니다.,"로디올라, 마그네슘",규칙적인 운동
41,스트레스,감정 기복이 심한데 안정에 도움되는 성분이 있나요?,GABA와 마그네슘은 신경 전달물질로 작용하여 불안감을 줄이고 긴장을 완화하는 데 도움이 됩니다.,"L-테아닌, GABA","규칙적인 운동, 명상 10분"
42,스트레스,긴장을 자주 해서 몸이 경직되는데 완화 방법 알려주세요.,"비타민B6와 아연은 세로토닌 합성에 필요하며, 감정 조절과 스트레스 대응력 향상에 중요합니다.","아슈와간다, L-테아닌, GABA",취미 활동
43,스트레스,시험이나 발표 전에 긴장을 덜 할 수 있는 방법이 있나요?,코티솔 호르몬 균형과 신경 안정을 위해 아슈와간다와 L-테아닌이 효과적입니다. 적응소(adaptogen) 성분이 스트레스 반응을 조절합니다.,"아연, L-테아닌, 마그네슘",취미 활동
44,스트레스,스트레스성 두통과 소화불량이 동시에 오는데 어떻게 하나요?,GABA와 마그네슘은 신경 전달물질로 작용하여 불안감을 줄이고 긴장을 완화하는 데 도움이 됩니다.,"비타민B6, 마그네슘, L-테아닌","규칙적인 운동, 심호흡 5분"
45,스트레스,업무 스트레스가 심한데 긴장을 풀 수 있는 방법이 있을까요?,"비타민B6와 아연은 세로토닌 합성에 필요하며, 감정 조절과 스트레스 대응력 향상에 중요합니다.","비타민B6, 아연",심호흡 5분
46,면역저하,환절기마다 감기에 걸리는데 면역력 강화 방법이 있을까요?,비타민C와 아연은 백혈구 기능을 강화하고 항체 생성을 돕습니다. 면역세포 활성화에 필수적인 영양소입니다.,"프로폴리스, 로얄젤리",충분한 수면
47,면역저하,상처가 잘 낫지 않는데 영양 부족인가요?,"비타민D는 면역조절 기능이 있으며, 특히 호흡기 감염 예방에 효과적입니다. 햇빛 노출이 부족하면 보충이 필요합니다.","비타민D, 로얄젤리, 홍삼",손 씻기
48,면역저하,자주 아픈 편인데 면역력을 높이려면 어떻게 해야 하나요?,프로폴리스와 홍삼은 자연 면역력을 높이고 피로 회복을 돕습니다. 지속적인 섭취가 중요합니다.,"비타민C, 홍삼",손 씻기
49,면역저하,독감 예방을 위해 어떤 영양제를 먹으면 좋을까요?,비타민C와 아연은 백혈구 기능을 강화하고 항체 생성을 돕습니다. 면역세포 활성화에 필수적인 영양소입니다.,"홍삼, 아연","규칙적 운동, 손 씻기"
50,면역저하,피로하면 바로 몸살이 나는데 체질 개선이 가능한가요?,"비타민D는 면역조절 기능이 있으며, 특히 호흡기 감염 예방에 효과적입니다. 햇빛 노출이 부족하면 보충이 필요합니다.","비타민D, 로얄젤리, 프로폴리스",균형잡힌 식사
51,면역저하,가족 중 아픈 사람이 있으면 바로 옮는데 예방법이 있나요?,프로폴리스와 홍삼은 자연 면역력을 높이고 피로 회복을 돕습니다. 지속적인 섭취가 중요합니다.,"아연, 로얄젤리",충분한 수면
52,면역저하,면역력이 약해진 것 같은데 회복 기간은 얼마나 걸리나요?,비타민C와 아연은 백혈구 기능을 강화하고 항체 생성을 돕습니다. 면역세포 활성화에 필수적인 영양소입니다.,"프로폴리스, 셀레늄, 비타민C","충분한 수면, 손 씻기"
53,면역저하,환절기마다 감기에 걸리는데 면역력 강화 방법이 있을까요?,"비타민D는 면역조절 기능이 있으며, 특히 호흡기 감염 예방에 효과적입니다. 햇빛 노출이 부족하면 보충이 필요합니다.","비타민D, 아연, 비타민C","스트레스 관리, 규칙적 운동"
54,면역저하,상처가 잘 낫지 않는데 영양 부족인가요?,프로폴리스와 홍삼은 자연 면역력을 높이고 피로 회복을 돕습니다. 지속적인 섭취가 중요합니다.,"홍삼, 로얄젤리","균형잡힌 식사, 손 씻기"
55,면역저하,자주 아픈 편인데 면역력을 높이려면 어떻게 해야 하나요?,비타민C와 아연은 백혈구 기능을 강화하고 항체 생성을 돕습니다. 면역세포 활성화에 필수적인 영양소입니다.,"아연, 비타민C","스트레스 관리, 균형잡힌 식사"
56,면역저하,독감 예방을 위해 어떤 영양제를 먹으면 좋을까요?,"비타민D는 면역조절 기능이 있으며, 특히 호흡기 감염 예방에 효과적입니다. 햇빛 노출이 부족하면 보충이 필요합니다.","로얄젤리, 아연",스트레스 관리
57,면역저하,피로하면 바로 몸살이 나는데 체질 개선이 가능한가요?,프로폴리스와 홍삼은 자연 면역력을 높이고 피로 회복을 돕습니다. 지속적인 섭취가 중요합니다.,"로얄젤리, 홍삼",균형잡힌 식사
58,면역저하,가족 중 아픈 사람이 있으면 바로 옮는데 예방법이 있나요?,비타민C와 아연은 백혈구 기능을 강화하고 항체 생성을 돕습니다. 면역세포 활성화에 필수적인 영양소입니다.,"로얄젤리, 비타민C, 홍삼","손 씻기, 규칙적 운동"
59,면역저하,면역력이 약해진 것 같은데 회복 기간은 얼마나 걸리나요?,"비타민D는 면역조절 기능이 있으며, 특히 호흡기 감염 예방에 효과적입니다. 햇빛 노출이 부족하면 보충이 필요합니다.","홍삼, 비타민D",손 씻기
60,면역저하,환절기마다 감기에 걸리는데 면역력 강화 방법이 있을까요?,프로폴리스와 홍삼은 자연 면역력을 높이고 피로 회복을 돕습니다. 지속적인 섭취가 중요합니다.,"프로폴리스, 비타민D, 셀레늄",규칙적 운동
61,눈피로,하루 종일 모니터를 보는데 눈 건강에 좋은 영양제가 있나요?,루테인과 제아잔틴은 황반 색소 밀도를 높여 블루라이트로부터 눈을 보호합니다. 장기간 화면 노출 시 필수적입니다.,"제아잔틴, 빌베리",블루라이트 차단
62,눈피로,눈이 자주 충혈되고 건조한데 어떻게 관리해야 하나요?,"안구 건조는 오메가3의 항염 작용으로 개선될 수 있으며, 눈물막 안정성을 높입니다.","루테인, 제아잔틴, 빌베리","눈 마사지, 블루라이트 차단"
63,눈피로,야간 운전 시 시야가 흐릿한데 개선 방법이 있을까요?,아스타잔틴은 강력한 항산화제로 눈의 모양체근 피로를 줄이고 초점 조절 능력을 향상시킵니다.,"루테인, 오메가3, 제아잔틴",인공눈물 사용
64,눈피로,눈 초점이 잘 안 맞고 침침한데 어떤 성분이 도움될까요?,루테인과 제아잔틴은 황반 색소 밀도를 높여 블루라이트로부터 눈을 보호합니다. 장기간 화면 노출 시 필수적입니다.,"제아잔틴, 빌베리",충분한 수면
65,눈피로,스마트폰 사용 후 눈이 아픈데 예방할 수 있나요?,"안구 건조는 오메가3의 항염 작용으로 개선될 수 있으며, 눈물막 안정성을 높입니다.","빌베리, 제아잔틴","눈 마사지, 인공눈물 사용"
66,눈피로,안구건조증이 심한데 영양제로 개선 가능한가요?,아스타잔틴은 강력한 항산화제로 눈의 모양체근 피로를 줄이고 초점 조절 능력을 향상시킵니다.,"오메가3, 빌베리","눈 마사지, 인공눈물 사용"
67,눈피로,눈 떨림 증상이 자주 있는데 원인이 뭘까요?,루테인과 제아잔틴은 황반 색소 밀도를 높여 블루라이트로부터 눈을 보호합니다. 장기간 화면 노출 시 필수적입니다.,"빌베리, 루테인",20-20-20 규칙
68,눈피로,하루 종일 모니터를 보는데 눈 건강에 좋은 영양제가 있나요?,"안구 건조는 오메가3의 항염 작용으로 개선될 수 있으며, 눈물막 안정성을 높입니다.","빌베리, 제아잔틴",블루라이트 차단
69,눈피로,눈이 자주 충혈되고 건조한데 어떻게 관리해야 하나요?,아스타잔틴은 강력한 항산화제로 눈의 모양체근 피로를 줄이고 초점 조절 능력을 향상시킵니다.,"빌베리, 오메가3",충분한 수면
70,눈피로,야간 운전 시 시야가 흐릿한데 개선 방법이 있을까요?,루테인과 제아잔틴은 황반 색소 밀도를 높여 블루라이트로부터 눈을 보호합니다. 장기간 화면 노출 시 필수적입니다.,"오메가3, 비타민A",눈 마사지
71,눈피로,눈 초점이 잘 안 맞고 침침한데 어떤 성분이 도움될까요?,"안구 건조는 오메가3의 항염 작용으로 개선될 수 있으며, 눈물막 안정성을 높입니다.","루테인, 빌베리, 오메가3",20-20-20 규칙
72,눈피로,스마트폰 사용 후 눈이 아픈데 예방할 수 있나요?,아스타잔틴은 강력한 항산화제로 눈의 모양체근 피로를 줄이고 초점 조절 능력을 향상시킵니다.,"루테인, 제아잔틴","20-20-20 규칙, 눈 마사지"
73,눈피로,안구건조증이 심한데 영양제로 개선 가능한가요?,루테인과 제아잔틴은 황반 색소 밀도를 높여 블루라이트로부터 눈을 보호합니다. 장기간 화면 노출 시 필수적입니다.,"비타민A, 빌베리, 제아잔틴",블루라이트 차단
74,눈피로,눈 떨림 증상이 자주 있는데 원인이 뭘까요?,"안구 건조는 오메가3의 항염 작용으로 개선될 수 있으며, 눈물막 안정성을 높입니다.","아스타잔틴, 루테인",충분한 수면
75,눈피로,하루 종일 모니터를 보는데 눈 건강에 좋은 영양제가 있나요?,아스타잔틴은 강력한 항산화제로 눈의 모양체근 피로를 줄이고 초점 조절 능력을 향상시킵니다.,"빌베리, 오메가3, 비타민A",블루라이트 차단
76,소화불량,식사 후 항상 더부룩한데 소화 효소가 필요한가요?,"소화 효소(프로테아제, 아밀라제, 리파제)는 음식물 분해를 돕고 소화 부담을 줄입니다.","식이섬유, 알로에베라, 페퍼민트","규칙적인 식사, 과식 피하기"
77,소화불량,가스가 자주 차고 배가 아픈데 어떻게 해야 하나요?,유산균(프로바이오틱스)은 장내 미생물 균형을 개선하고 장 운동을 정상화합니다. 변비와 설사 모두에 도움이 됩니다.,"L-글루타민, 알로에베라","규칙적인 식사, 자극적 음식 줄이기"
78,소화불량,만성 변비로 고생 중인데 식이섬유 외에 다른 방법이 있나요?,L-글루타민은 장벽 세포의 에너지원으로 장 점막 회복과 보호에 중요합니다.,"식이섬유, 알로에베라, 유산균","천천히 씹기, 자극적 음식 줄이기"
79,소화불량,위산 역류로 불편한데 완화에 도움되는 영양제가 있을까요?,"소화 효소(프로테아제, 아밀라제, 리파제)는 음식물 분해를 돕고 소화 부담을 줄입니다.","페퍼민트, 유산균","과식 피하기, 자극적 음식 줄이기"
80,소화불량,과민성 대장 증후군인데 장 건강 개선 방법 알려주세요.,유산균(프로바이오틱스)은 장내 미생물 균형을 개선하고 장 운동을 정상화합니다. 변비와 설사 모두에 도움이 됩니다.,"알로에베라, L-글루타민","과식 피하기, 식후 산책"
81,소화불량,스트레스 받으면 설사를 하는데 관리 방법이 있나요?,L-글루타민은 장벽 세포의 에너지원으로 장 점막 회복과 보호에 중요합니다.,"L-글루타민, 알로에베라, 유산균","자극적 음식 줄이기, 규칙적인 식사"
82,소화불량,기름진 음식만 먹으면 속이 불편한데 소화력을 높이려면?,"소화 효소(프로테아제, 아밀라제, 리파제)는 음식물 분해를 돕고 소화 부담을 줄입니다.","페퍼민트, L-글루타민, 유산균","과식 피하기, 자극적 음식 줄이기"
83,소화불량,식사 후 항상 더부룩한데 소화 효소가 필요한가요?,유산균(프로바이오틱스)은 장내 미생물 균형을 개선하고 장 운동을 정상화합니다. 변비와 설사 모두에 도움이 됩니다.,"L-글루타민, 소화효소, 알로에베라",식후 산책
84,소화불량,가스가 자주 차고 배가 아픈데 어떻게 해야 하나요?,L-글루타민은 장벽 세포의 에너지원으로 장 점막 회복과 보호에 중요합니다.,"식이섬유, 알로에베라, L-글루타민",식후 산책
85,소화불량,만성 변비로 고생 중인데 식이섬유 외에 다른 방법이 있나요?,"소화 효소(프로테아제, 아밀라제, 리파제)는 음식물 분해를 돕고 소화 부담을 줄입니다.","알로에베라, 페퍼민트, 유산균","천천히 씹기, 자극적 음식 줄이기"
86,소화불량,위산 역류로 불편한데 완화에 도움되는 영양제가 있을까요?,유산균(프로바이오틱스)은 장내 미생물 균형을 개선하고 장 운동을 정상화합니다. 변비와 설사 모두에 도움이 됩니다.,"알로에베라, 페퍼민트","규칙적인 식사, 천천히 씹기"
87,소화불량,과민성 대장 증후군인데 장 건강 개선 방법 알려주세요.,L-글루타민은 장벽 세포의 에너지원으로 장 점막 회복과 보호에 중요합니다.,"알로에베라, L-글루타민, 유산균",자극적 음식 줄이기
88,소화불량,스트레스 받으면 설사를 하는데 관리 방법이 있나요?,"소화 효소(프로테아제, 아밀라제, 리파제)는 음식물 분해를 돕고 소화 부담을 줄입니다.","알로에베라, 식이섬유, 유산균",식후 산책
89,소화불량,기름진 음식만 먹으면 속이 불편한데 소화력을 높이려면?,유산균(프로바이오틱스)은 장내 미생물 균형을 개선하고 장 운동을 정상화합니다. 변비와 설사 모두에 도움이 됩니다.,"L-글루타민, 소화효소, 유산균",과식 피하기
90,소화불량,식사 후 항상 더부룩한데 소화 효소가 필요한가요?,L-글루타민은 장벽 세포의 에너지원으로 장 점막 회복과 보호에 중요합니다.,"소화효소, 식이섬유","자극적 음식 줄이기, 천천히 씹기"
91,피부트러블,성인 여드름이 계속 나는데 내부적 원인이 있을까요?,아연은 피지 분비를 조절하고 염증성 여드름을 완화합니다. 피부 재생에도 필수적인 미네랄입니다.,"오메가3, 아연, 콜라겐","규칙적 수면, 충분한 수분 섭취"
92,피부트러블,피부가 건조하고 각질이 심한데 보습 외에 필요한 게 있나요?,"비타민C와 콜라겐은 피부 탄력과 재생을 돕고, 흉터와 색소침착 개선에 효과적입니다.","비타민C, 비타민B5, 아연","자외선 차단, 충분한 수분 섭취"
93,피부트러블,얼굴이 자주 붉어지고 따가운데 민감성 피부 개선 방법은?,오메가3의 항염 작용은 민감성 피부의 홍조와 염증을 줄이는 데 도움이 됩니다.,"비타민C, 비타민E, 비타민B5","스트레스 관리, 세안 철저히"
94,피부트러블,피부 톤이 칙칙하고 생기가 없는데 어떤 영양소가 필요한가요?,아연은 피지 분비를 조절하고 염증성 여드름을 완화합니다. 피부 재생에도 필수적인 미네랄입니다.,"프로바이오틱스, 콜라겐, 아연","규칙적 수면, 스트레스 관리"
95,피부트러블,여드름 자국이 잘 안 없어지는데 재생에 도움되는 성분은?,"비타민C와 콜라겐은 피부 탄력과 재생을 돕고, 흉터와 색소침착 개선에 효과적입니다.","비타민C, 비타민B5","세안 철저히, 충분한 수분 섭취"
96,피부트러블,계절마다 피부 상태가 달라지는데 관리 방법 알려주세요.,오메가3의 항염 작용은 민감성 피부의 홍조와 염증을 줄이는 데 도움이 됩니다.,"비타민B5, 아연","스트레스 관리, 세안 철저히"
97,피부트러블,스트레스 받으면 피부가 나빠지는데 개선 방법이 있나요?,아연은 피지 분비를 조절하고 염증성 여드름을 완화합니다. 피부 재생에도 필수적인 미네랄입니다.,"프로바이오틱스, 비타민E, 비타민B5","스트레스 관리, 충분한 수분 섭취"
98,피부트러블,성인 여드름이 계속 나는데 내부적 원인이 있을까요?,"비타민C와 콜라겐은 피부 탄력과 재생을 돕고, 흉터와 색소침착 개선에 효과적입니다.","오메가3, 아연","자외선 차단, 세안 철저히"
99,피부트러블,피부가 건조하고 각질이 심한데 보습 외에 필요한 게 있나요?,오메가3의 항염 작용은 민감성 피부의 홍조와 염증을 줄이는 데 도움이 됩니다.,"비타민E, 오메가3","스트레스 관리, 세안 철저히"
100,피부트러블,얼굴이 자주 붉어지고 따가운데 민감성 피부 개선 방법은?,아연은 피지 분비를 조절하고 염증성 여드름을 완화합니다. 피부 재생에도 필수적인 미네랄입니다.,"비타민B5, 비타민E",규칙적 수면
101,피부트러블,피부 톤이 칙칙하고 생기가 없는데 어떤 영양소가 필요한가요?,"비타민C와 콜라겐은 피부 탄력과 재생을 돕고, 흉터와 색소침착 개선에 효과적입니다.","아연, 콜라겐",충분한 수분 섭취
102,피부트러블,여드름 자국이 잘 안 없어지는데 재생에 도움되는 성분은?,오메가3의 항염 작용은 민감성 피부의 홍조와 염증을 줄이는 데 도움이 됩니다.,"콜라겐, 비타민C, 아연","자외선 차단, 세안 철저히"
103,피부트러블,계절마다 피부 상태가 달라지는데 관리 방법 알려주세요.,아연은 피지 분비를 조절하고 염증성 여드름을 완화합니다. 피부 재생에도 필수적인 미네랄입니다.,"비타민E, 콜라겐, 오메가3","스트레스 관리, 충분한 수분 섭취"
104,피부트러블,스트레스 받으면 피부가 나빠지는데 개선 방법이 있나요?,"비타민C와 콜라겐은 피부 탄력과 재생을 돕고, 흉터와 색소침착 개선에 효과적입니다.","콜라겐, 비타민E",세안 철저히
105,피부트러블,성인 여드름이 계속 나는데 내부적 원인이 있을까요?,오메가3의 항염 작용은 민감성 피부의 홍조와 염증을 줄이는 데 도움이 됩니다.,"비타민C, 오메가3, 비타민B5","규칙적 수면, 자외선 차단"
106,빈혈,자주 어지럽고 현기증이 나는데 철분제를 먹어야 하나요?,"철분은 헤모글로빈 합성에 필수적이며, 비타민C와 함께 섭취하면 흡수율이 증가합니다. 엽산과 비타민B12도 적혈구 생성에 필요합니다.","비타민C, 비타민B12",충분한 휴식
107,빈혈,숨이 차고 계단 오르기 힘든데 빈혈 증상인가요?,어지럼증과 피로는 산소 운반 능력 저하로 나타나는 빈혈의 대표적 증상입니다. 철분 보충과 함께 규칙적인 식사가 중요합니다.,"엽산, 비타민C, 비타민B12","규칙적 식사, 따뜻한 차"
108,빈혈,손발이 차갑고 창백한데 혈액순환 개선 방법은?,"손발 냉증은 말초 혈액순환 저하와 관련이 있으며, 은행잎 추출물이 혈류 개선에 도움이 됩니다.","비타민C, 엽산, 비타민B12","비타민C 함께 섭취, 철분 많은 식사"
109,빈혈,생리 기간에 특히 피곤한데 철분 보충이 필요한가요?,"철분은 헤모글로빈 합성에 필수적이며, 비타민C와 함께 섭취하면 흡수율이 증가합니다. 엽산과 비타민B12도 적혈구 생성에 필요합니다.","구리, 비타민C, 비타민B12",충분한 휴식
110,빈혈,빈혈 진단을 받았는데 식단 외에 영양제를 먹어야 하나요?,어지럼증과 피로는 산소 운반 능력 저하로 나타나는 빈혈의 대표적 증상입니다. 철분 보충과 함께 규칙적인 식사가 중요합니다.,"비타민B12, 비타민C","충분한 휴식, 비타민C 함께 섭취"
111,빈혈,철분제 먹으면 속이 불편한데 다른 방법이 있을까요?,"손발 냉증은 말초 혈액순환 저하와 관련이 있으며, 은행잎 추출물이 혈류 개선에 도움이 됩니다.","비타민C, 철분",철분 많은 식사
112,빈혈,빈혈 개선에 얼마나 시간이 걸리나요?,"철분은 헤모글로빈 합성에 필수적이며, 비타민C와 함께 섭취하면 흡수율이 증가합니다. 엽산과 비타민B12도 적혈구 생성에 필요합니다.","철분, 비타민B12",철분 많은 식사
113,빈혈,자주 어지럽고 현기증이 나는데 철분제를 먹어야 하나요?,어지럼증과 피로는 산소 운반 능력 저하로 나타나는 빈혈의 대표적 증상입니다. 철분 보충과 함께 규칙적인 식사가 중요합니다.,"엽산, 구리",철분 많은 식사
114,빈혈,숨이 차고 계단 오르기 힘든데 빈혈 증상인가요?,"손발 냉증은 말초 혈액순환 저하와 관련이 있으며, 은행잎 추출물이 혈류 개선에 도움이 됩니다.","철분, 엽산, 구리","철분 많은 식사, 비타민C 함께 섭취"
115,빈혈,손발이 차갑고 창백한데 혈액순환 개선 방법은?,"철분은 헤모글로빈 합성에 필수적이며, 비타민C와 함께 섭취하면 흡수율이 증가합니다. 엽산과 비타민B12도 적혈구 생성에 필요합니다.","구리, 철분, 비타민B12",철분 많은 식사
116,빈혈,생리 기간에 특히 피곤한데 철분 보충이 필요한가요?,어지럼증과 피로는 산소 운반 능력 저하로 나타나는 빈혈의 대표적 증상입니다. 철분 보충과 함께 규칙적인 식사가 중요합니다.,"철분, 비타민C","따뜻한 차, 철분 많은 식사"
117,빈혈,빈혈 진단을 받았는데 식단 외에 영양제를 먹어야 하나요?,"손발 냉증은 말초 혈액순환 저하와 관련이 있으며, 은행잎 추출물이 혈류 개선에 도움이 됩니다.","철분, 비타민B12","규칙적 식사, 철분 많은 식사"
118,빈혈,철분제 먹으면 속이 불편한데 다른 방법이 있을까요?,"철분은 헤모글로빈 합성에 필수적이며, 비타민C와 함께 섭취하면 흡수율이 증가합니다. 엽산과 비타민B12도 적혈구 생성에 필요합니다.","엽산, 구리, 철분",충분한 휴식
119,빈혈,빈혈 개선에 얼마나 시간이 걸리나요?,어지럼증과 피로는 산소 운반 능력 저하로 나타나는 빈혈의 대표적 증상입니다. 철분 보충과 함께 규칙적인 식사가 중요합니다.,"철분, 비타민B12, 구리",따뜻한 차
120,빈혈,자주 어지럽고 현기증이 나는데 철분제를 먹어야 하나요?,"손발 냉증은 말초 혈액순환 저하와 관련이 있으며, 은행잎 추출물이 혈류 개선에 도움이 됩니다.","구리, 비타민C","규칙적 식사, 충분한 휴식"
121,관절통,무릎이 시큰거리고 계단 오르내리기 힘든데 연골 보호제가 도움될까요?,글루코사민과 콘드로이틴은 연골 구성 성분으로 관절 연골 재생과 보호에 도움이 됩니다.,"칼슘, 오메가3, 커큐민","가벼운 운동, 체중 관리"
122,관절통,손가락 관절이 뻣뻣하고 아픈데 관절염 초기 증상인가요?,MSM(메틸설포닐메탄)은 항염 작용이 있어 관절 통증과 부종을 완화합니다.,"오메가3, MSM","바른 자세 유지, 체중 관리"
123,관절통,허리 통증이 심한데 디스크 예방에 좋은 영양제가 있나요?,오메가3와 커큐민은 염증성 사이토카인을 억제하여 관절염 증상을 개선하는 데 효과적입니다.,"커큐민, 글루코사민","온찜질, 가벼운 운동"
124,관절통,운동 후 관절이 붓고 아픈데 회복에 도움되는 성분은?,글루코사민과 콘드로이틴은 연골 구성 성분으로 관절 연골 재생과 보호에 도움이 됩니다.,"칼슘, 콘드로이틴, 비타민D","온찜질, 체중 관리"
125,관절통,날씨가 흐리면 관절이 더 아픈데 왜 그런가요?,MSM(메틸설포닐메탄)은 항염 작용이 있어 관절 통증과 부종을 완화합니다.,"콘드로이틴, 커큐민, 글루코사민",체중 관리
126,관절통,관절 건강을 위해 미리 먹으면 좋은 영양제가 있을까요?,오메가3와 커큐민은 염증성 사이토카인을 억제하여 관절염 증상을 개선하는 데 효과적입니다.,"MSM, 비타민D, 콘드로이틴","가벼운 운동, 바른 자세 유지"
127,관절통,관절 소리가 나는데 문제가 있는 건가요?,글루코사민과 콘드로이틴은 연골 구성 성분으로 관절 연골 재생과 보호에 도움이 됩니다.,"글루코사민, 칼슘","온찜질, 스트레칭"
128,관절통,무릎이 시큰거리고 계단 오르내리기 힘든데 연골 보호제가 도움될까요?,MSM(메틸설포닐메탄)은 항염 작용이 있어 관절 통증과 부종을 완화합니다.,"글루코사민, MSM, 오메가3",온찜질
129,관절통,손가락 관절이 뻣뻣하고 아픈데 관절염 초기 증상인가요?,오메가3와 커큐민은 염증성 사이토카인을 억제하여 관절염 증상을 개선하는 데 효과적입니다.,"콘드로이틴, 칼슘",온찜질
130,관절통,허리 통증이 심한데 디스크 예방에 좋은 영양제가 있나요?,글루코사민과 콘드로이틴은 연골 구성 성분으로 관절 연골 재생과 보호에 도움이 됩니다.,"오메가3, MSM","온찜질, 가벼운 운동"
131,관절통,운동 후 관절이 붓고 아픈데 회복에 도움되는 성분은?,MSM(메틸설포닐메탄)은 항염 작용이 있어 관절 통증과 부종을 완화합니다.,"칼슘, MSM","온찜질, 체중 관리"
132,관절통,날씨가 흐리면 관절이 더 아픈데 왜 그런가요?,오메가3와 커큐민은 염증성 사이토카인을 억제하여 관절염 증상을 개선하는 데 효과적입니다.,"칼슘, 비타민D",스트레칭
133,관절통,관절 건강을 위해 미리 먹으면 좋은 영양제가 있을까요?,글루코사민과 콘드로이틴은 연골 구성 성분으로 관절 연골 재생과 보호에 도움이 됩니다.,"글루코사민, 커큐민, 칼슘",온찜질
134,관절통,관절 소리가 나는데 문제가 있는 건가요?,MSM(메틸설포닐메탄)은 항염 작용이 있어 관절 통증과 부종을 완화합니다.,"콘드로이틴, 비타민D",가벼운 운동
135,관절통,무릎이 시큰거리고 계단 오르내리기 힘든데 연골 보호제가 도움될까요?,오메가3와 커큐민은 염증성 사이토카인을 억제하여 관절염 증상을 개선하는 데 효과적입니다.,"오메가3, 칼슘","가벼운 운동, 스트레칭"
136,수면장애,잠들기까지 시간이 오래 걸리는데 도움되는 영양제가 있나요?,멜라토닌은 수면-각성 주기를 조절하는 호르몬으로 잠드는 시간을 단축시킵니다. 취침 30분~1시간 전 복용이 효과적입니다.,"발레리안, 마그네슘, 글리신",침실 어둡게
137,수면장애,자다가 자주 깨는데 깊은 수면을 위한 방법 알려주세요.,마그네슘은 신경계를 이완시키고 GABA 수용체를 활성화하여 수면의 질을 개선합니다.,"멜라토닌, 발레리안, 글리신",규칙적 기상
138,수면장애,충분히 자도 개운하지 않은데 수면의 질을 높이려면?,글리신은 체온을 낮추고 뇌파를 안정시켜 깊은 수면을 유도합니다.,"GABA, 발레리안, 글리신","취침 루틴 만들기, 전자기기 차단"
139,수면장애,불면증으로 고생 중인데 멜라토닌 외에 다른 방법이 있나요?,멜라토닌은 수면-각성 주기를 조절하는 호르몬으로 잠드는 시간을 단축시킵니다. 취침 30분~1시간 전 복용이 효과적입니다.,"발레리안, 마그네슘","규칙적 기상, 침실 어둡게"
140,수면장애,꿈을 너무 많이 꿔서 피곤한데 개선 방법이 있을까요?,마그네슘은 신경계를 이완시키고 GABA 수용체를 활성화하여 수면의 질을 개선합니다.,"GABA, 발레리안",카페인 줄이기
141,수면장애,교대근무로 수면 패턴이 불규칙한데 어떻게 관리해야 하나요?,글리신은 체온을 낮추고 뇌파를 안정시켜 깊은 수면을 유도합니다.,"마그네슘, 발레리안, 테아닌",전자기기 차단
142,수면장애,스트레스로 잠이 안 오는데 자연스럽게 잠들 수 있는 방법은?,멜라토닌은 수면-각성 주기를 조절하는 호르몬으로 잠드는 시간을 단축시킵니다. 취침 30분~1시간 전 복용이 효과적입니다.,"테아닌, 발레리안","규칙적 기상, 카페인 줄이기"
143,수면장애,잠들기까지 시간이 오래 걸리는데 도움되는 영양제가 있나요?,마그네슘은 신경계를 이완시키고 GABA 수용체를 활성화하여 수면의 질을 개선합니다.,"멜라토닌, GABA","침실 어둡게, 취침 루틴 만들기"
144,수면장애,자다가 자주 깨는데 깊은 수면을 위한 방법 알려주세요.,글리신은 체온을 낮추고 뇌파를 안정시켜 깊은 수면을 유도합니다.,"테아닌, 멜라토닌, 발레리안","전자기기 차단, 카페인 줄이기"
145,수면장애,충분히 자도 개운하지 않은데 수면의 질을 높이려면?,멜라토닌은 수면-각성 주기를 조절하는 호르몬으로 잠드는 시간을 단축시킵니다. 취침 30분~1시간 전 복용이 효과적입니다.,"글리신, GABA, 마그네슘",취침 루틴 만들기
146,수면장애,불면증으로 고생 중인데 멜라토닌 외에 다른 방법이 있나요?,마그네슘은 신경계를 이완시키고 GABA 수용체를 활성화하여 수면의 질을 개선합니다.,"마그네슘, 테아닌, GABA",취침 루틴 만들기
147,수면장애,꿈을 너무 많이 꿔서 피곤한데 개선 방법이 있을까요?,글리신은 체온을 낮추고 뇌파를 안정시켜 깊은 수면을 유도합니다.,"마그네슘, GABA","카페인 줄이기, 전자기기 차단"
148,수면장애,교대근무로 수면 패턴이 불규칙한데 어떻게 관리해야 하나요?,멜라토닌은 수면-각성 주기를 조절하는 호르몬으로 잠드는 시간을 단축시킵니다. 취침 30분~1시간 전 복용이 효과적입니다.,"멜라토닌, 테아닌, 발레리안",취침 루틴 만들기
149,수면장애,스트레스로 잠이 안 오는데 자연스럽게 잠들 수 있는 방법은?,마그네슘은 신경계를 이완시키고 GABA 수용체를 활성화하여 수면의 질을 개선합니다.,"멜라토닌, GABA","카페인 줄이기, 규칙적 기상"
150,수면장애,잠들기까지 시간이 오래 걸리는데 도움되는 영양제가 있나요?,글리신은 체온을 낮추고 뇌파를 안정시켜 깊은 수면을 유도합니다.,"멜라토닌, 글리신","침실 어둡게, 카페인 줄이기"
151,기억력저하,최근 깜빡하는 일이 많아졌는데 두뇌 건강에 좋은 영양제는?,오메가3의 DHA는 뇌세포막의 주요 구성 성분으로 신경전달과 기억 형성에 필수적입니다.,"비타민B군, 오메가3","두뇌 활동(퍼즐, 독서), 규칙적 운동"
152,기억력저하,업무 중 집중력이 떨어지는데 인지 기능 개선 방법이 있나요?,포스파티딜세린은 뇌세포 간 신호 전달을 돕고 인지 기능과 집중력 향상에 효과적입니다.,"은행잎추출물, 포스파티딜세린","규칙적 운동, 새로운 학습"
153,기억력저하,이름이나 단어가 잘 생각나지 않는데 기억력 향상 방법은?,은행잎 추출물은 뇌혈류를 개선하여 산소와 영양소 공급을 증가시킵니다.,"은행잎추출물, 오메가3, 포스파티딜세린",충분한 수면
154,기억력저하,멀티태스킹이 어려워진 것 같은데 뇌 기능 강화 방법 알려주세요.,오메가3의 DHA는 뇌세포막의 주요 구성 성분으로 신경전달과 기억 형성에 필수적입니다.,"레시틴, 오메가3, 비타민B군",규칙적 운동
155,기억력저하,공부할 때 집중이 안 되는데 도움되는 영양소가 있나요?,포스파티딜세린은 뇌세포 간 신호 전달을 돕고 인지 기능과 집중력 향상에 효과적입니다.,"아세틸L-카르니틴, 레시틴",사회적 교류
156,기억력저하,나이가 들면서 기억력이 떨어지는데 예방 방법이 있을까요?,은행잎 추출물은 뇌혈류를 개선하여 산소와 영양소 공급을 증가시킵니다.,"은행잎추출물, 비타민B군, 오메가3",충분한 수면
157,기억력저하,치매 예방을 위해 미리 챙기면 좋은 영양제가 있나요?,오메가3의 DHA는 뇌세포막의 주요 구성 성분으로 신경전달과 기억 형성에 필수적입니다.,"은행잎추출물, 레시틴, 비타민B군",사회적 교류
158,기억력저하,최근 깜빡하는 일이 많아졌는데 두뇌 건강에 좋은 영양제는?,포스파티딜세린은 뇌세포 간 신호 전달을 돕고 인지 기능과 집중력 향상에 효과적입니다.,"은행잎추출물, 오메가3",충분한 수면
159,기억력저하,업무 중 집중력이 떨어지는데 인지 기능 개선 방법이 있나요?,은행잎 추출물은 뇌혈류를 개선하여 산소와 영양소 공급을 증가시킵니다.,"오메가3, 은행잎추출물","새로운 학습, 규칙적 운동"
160,기억력저하,이름이나 단어가 잘 생각나지 않는데 기억력 향상 방법은?,오메가3의 DHA는 뇌세포막의 주요 구성 성분으로 신경전달과 기억 형성에 필수적입니다.,"은행잎추출물, 레시틴",규칙적 운동
161,기억력저하,멀티태스킹이 어려워진 것 같은데 뇌 기능 강화 방법 알려주세요.,포스파티딜세린은 뇌세포 간 신호 전달을 돕고 인지 기능과 집중력 향상에 효과적입니다.,"아세틸L-카르니틴, 은행잎추출물","두뇌 활동(퍼즐, 독서)"
162,기억력저하,공부할 때 집중이 안 되는데 도움되는 영양소가 있나요?,은행잎 추출물은 뇌혈류를 개선하여 산소와 영양소 공급을 증가시킵니다.,"포스파티딜세린, 레시틴","충분한 수면, 규칙적 운동"
163,기억력저하,나이가 들면서 기억력이 떨어지는데 예방 방법이 있을까요?,오메가3의 DHA는 뇌세포막의 주요 구성 성분으로 신경전달과 기억 형성에 필수적입니다.,"은행잎추출물, 아세틸L-카르니틴, 포스파티딜세린","두뇌 활동(퍼즐, 독서), 새로운 학습"
164,기억력저하,치매 예방을 위해 미리 챙기면 좋은 영양제가 있나요?,포스파티딜세린은 뇌세포 간 신호 전달을 돕고 인지 기능과 집중력 향상에 효과적입니다.,"오메가3, 포스파티딜세린","두뇌 활동(퍼즐, 독서), 새로운 학습"
165,기억력저하,최근 깜빡하는 일이 많아졌는데 두뇌 건강에 좋은 영양제는?,은행잎 추출물은 뇌혈류를 개선하여 산소와 영양소 공급을 증가시킵니다.,"비타민B군, 포스파티딜세린, 은행잎추출물","사회적 교류, 충분한 수면"
166,우울감,의욕이 없고 무기력한 상태가 지속되는데 어떻게 해야 하나요?,"비타민D는 세로토닌 합성에 관여하며, 부족 시 우울감과 계절성 정서 장애가 나타날 수 있습니다.","비타민B6, SAMe",사회적 교류
167,우울감,기분이 자주 가라앉고 우울한데 도움되는 영양소가 있나요?,오메가3는 뇌의 염증을 줄이고 신경전달물질 균형을 개선하여 우울증 완화에 도움이 됩니다.,"SAMe, 비타민D","취미 활동, 햇빛 20분"
168,우울감,감정 기복이 심한데 호르몬 균형에 좋은 영양제는?,아슈와간다는 코티솔 수치를 낮추고 스트레스 반응을 조절하여 기분 안정에 효과적입니다.,"SAMe, 오메가3",사회적 교류
169,우울감,계절성 우울감이 있는데 겨울철 관리 방법 알려주세요.,"비타민D는 세로토닌 합성에 관여하며, 부족 시 우울감과 계절성 정서 장애가 나타날 수 있습니다.","아슈와간다, SAMe, 테아닌",가벼운 운동
170,우울감,스트레스와 우울감이 동시에 오는데 개선 방법이 있나요?,오메가3는 뇌의 염증을 줄이고 신경전달물질 균형을 개선하여 우울증 완화에 도움이 됩니다.,"테아닌, 오메가3, 아슈와간다","사회적 교류, 햇빛 20분"
171,우울감,사소한 일에도 짜증이 나는데 감정 조절에 도움되는 성분은?,아슈와간다는 코티솔 수치를 낮추고 스트레스 반응을 조절하여 기분 안정에 효과적입니다.,"테아닌, 오메가3, 아슈와간다",규칙적 생활
172,우울감,우울한 기분을 자연스럽게 개선할 수 있는 방법이 있을까요?,"비타민D는 세로토닌 합성에 관여하며, 부족 시 우울감과 계절성 정서 장애가 나타날 수 있습니다.","오메가3, 비타민D",규칙적 생활
173,우울감,의욕이 없고 무기력한 상태가 지속되는데 어떻게 해야 하나요?,오메가3는 뇌의 염증을 줄이고 신경전달물질 균형을 개선하여 우울증 완화에 도움이 됩니다.,"SAMe, 아슈와간다","햇빛 20분, 사회적 교류"
174,우울감,기분이 자주 가라앉고 우울한데 도움되는 영양소가 있나요?,아슈와간다는 코티솔 수치를 낮추고 스트레스 반응을 조절하여 기분 안정에 효과적입니다.,"비타민B6, 아슈와간다, 오메가3","햇빛 20분, 규칙적 생활"
175,우울감,감정 기복이 심한데 호르몬 균형에 좋은 영양제는?,"비타민D는 세로토닌 합성에 관여하며, 부족 시 우울감과 계절성 정서 장애가 나타날 수 있습니다.","SAMe, 오메가3, 비타민B6","가벼운 운동, 사회적 교류"
176,우울감,계절성 우울감이 있는데 겨울철 관리 방법 알려주세요.,오메가3는 뇌의 염증을 줄이고 신경전달물질 균형을 개선하여 우울증 완화에 도움이 됩니다.,"테아닌, 비타민D","햇빛 20분, 규칙적 생활"
177,우울감,스트레스와 우울감이 동시에 오는데 개선 방법이 있나요?,아슈와간다는 코티솔 수치를 낮추고 스트레스 반응을 조절하여 기분 안정에 효과적입니다.,"테아닌, 비타민D, SAMe","취미 활동, 사회적 교류"
178,우울감,사소한 일에도 짜증이 나는데 감정 조절에 도움되는 성분은?,"비타민D는 세로토닌 합성에 관여하며, 부족 시 우울감과 계절성 정서 장애가 나타날 수 있습니다.","아슈와간다, SAMe",사회적 교류
179,우울감,우울한 기분을 자연스럽게 개선할 수 있는 방법이 있을까요?,오메가3는 뇌의 염증을 줄이고 신경전달물질 균형을 개선하여 우울증 완화에 도움이 됩니다.,"테아닌, 비타민B6","가벼운 운동, 규칙적 생활"
180,우울감,의욕이 없고 무기력한 상태가 지속되는데 어떻게 해야 하나요?,아슈와간다는 코티솔 수치를 낮추고 스트레스 반응을 조절하여 기분 안정에 효과적입니다.,"비타민D, 아슈와간다, SAMe","햇빛 20분, 규칙적 생활"
181,혈압상승,혈압이 높게 나왔는데 혈관 건강에 좋은 영양제가 있나요?,오메가3는 혈관 탄력성을 높이고 염증을 줄여 혈압 조절에 도움이 됩니다.,"코큐텐, 마그네슘","체중 관리, 카페인 줄이기"
182,혈압상승,스트레스 받으면 혈압이 오르는데 관리 방법 알려주세요.,칼륨은 나트륨 배출을 촉진하여 혈압을 낮추는 데 중요한 미네랄입니다. 저염식과 함께 실천하면 효과적입니다.,"오메가3, 히비스커스",규칙적 운동
183,혈압상승,두근거림과 얼굴 홍조가 있는데 혈압과 관련이 있나요?,코큐텐(CoQ10)은 혈관 내피 기능을 개선하고 산화 스트레스를 줄여 혈압 관리에 도움이 됩니다.,"코큐텐, 히비스커스, 마그네슘",카페인 줄이기
184,혈압상승,고혈압 가족력이 있는데 예방을 위해 무엇을 해야 하나요?,오메가3는 혈관 탄력성을 높이고 염증을 줄여 혈압 조절에 도움이 됩니다.,"코큐텐, 칼륨, 오메가3",저염식
185,혈압상승,혈압약 외에 자연스럽게 혈압을 낮출 수 있는 방법이 있나요?,칼륨은 나트륨 배출을 촉진하여 혈압을 낮추는 데 중요한 미네랄입니다. 저염식과 함께 실천하면 효과적입니다.,"오메가3, 코큐텐",체중 관리
186,혈압상승,혈압 관리를 위한 식습관과 영양제 추천 부탁드립니다.,코큐텐(CoQ10)은 혈관 내피 기능을 개선하고 산화 스트레스를 줄여 혈압 관리에 도움이 됩니다.,"칼륨, 코큐텐","규칙적 운동, 카페인 줄이기"
187,혈압상승,운동과 영양제 중 혈압 관리에 더 효과적인 건 무엇인가요?,오메가3는 혈관 탄력성을 높이고 염증을 줄여 혈압 조절에 도움이 됩니다.,"마그네슘, 히비스커스, 칼륨",규칙적 운동
188,혈압상승,혈압이 높게 나왔는데 혈관 건강에 좋은 영양제가 있나요?,칼륨은 나트륨 배출을 촉진하여 혈압을 낮추는 데 중요한 미네랄입니다. 저염식과 함께 실천하면 효과적입니다.,"오메가3, 칼륨, 코큐텐","규칙적 운동, 저염식"
189,혈압상승,스트레스 받으면 혈압이 오르는데 관리 방법 알려주세요.,코큐텐(CoQ10)은 혈관 내피 기능을 개선하고 산화 스트레스를 줄여 혈압 관리에 도움이 됩니다.,"L-테아닌, 칼륨, 히비스커스",체중 관리
190,혈압상승,두근거림과 얼굴 홍조가 있는데 혈압과 관련이 있나요?,오메가3는 혈관 탄력성을 높이고 염증을 줄여 혈압 조절에 도움이 됩니다.,"히비스커스, 칼륨, 오메가3","규칙적 운동, 저염식"
191,혈압상승,고혈압 가족력이 있는데 예방을 위해 무엇을 해야 하나요?,칼륨은 나트륨 배출을 촉진하여 혈압을 낮추는 데 중요한 미네랄입니다. 저염식과 함께 실천하면 효과적입니다.,"코큐텐, 오메가3",카페인 줄이기
192,혈압상승,혈압약 외에 자연스럽게 혈압을 낮출 수 있는 방법이 있나요?,코큐텐(CoQ10)은 혈관 내피 기능을 개선하고 산화 스트레스를 줄여 혈압 관리에 도움이 됩니다.,"히비스커스, 코큐텐",저염식
193,혈압상승,혈압 관리를 위한 식습관과 영양제 추천 부탁드립니다.,오메가3는 혈관 탄력성을 높이고 염증을 줄여 혈압 조절에 도움이 됩니다.,"칼륨, 히비스커스",규칙적 운동
194,혈압상승,운동과 영양제 중 혈압 관리에 더 효과적인 건 무엇인가요?,칼륨은 나트륨 배출을 촉진하여 혈압을 낮추는 데 중요한 미네랄입니다. 저염식과 함께 실천하면 효과적입니다.,"코큐텐, 칼륨, 마그네슘","스트레스 관리, 카페인 줄이기"
195,혈압상승,혈압이 높게 나왔는데 혈관 건강에 좋은 영양제가 있나요?,코큐텐(CoQ10)은 혈관 내피 기능을 개선하고 산화 스트레스를 줄여 혈압 관리에 도움이 됩니다.,"히비스커스, 오메가3, 코큐텐",카페인 줄이기
196,피부노화,주름이 늘어나는 것 같은데 피부 탄력에 좋은 영양제는?,콜라겐은 피부 진피층의 주요 단백질로 탄력과 수분 유지에 필수적입니다. 비타민C와 함께 섭취하면 합성이 촉진됩니다.,"비타민E, 셀레늄",항산화 식품
197,피부노화,얼굴 피부가 처지고 탄력이 없는데 콜라겐 보충이 필요한가요?,히알루론산은 수분 보유 능력이 뛰어나 피부 건조를 예방하고 주름을 완화합니다.,"비타민C, 콜라겐, 비타민E","금연, 충분한 수분"
198,피부노화,피부 톤이 칙칙하고 잡티가 생겼는데 개선 방법이 있나요?,비타민E와 셀레늄은 항산화제로 자외선과 활성산소로부터 피부를 보호합니다.,"비타민C, 비타민E, 콜라겐",규칙적 수면
199,피부노화,눈가 주름이 심해지는데 예방할 수 있는 방법은?,콜라겐은 피부 진피층의 주요 단백질로 탄력과 수분 유지에 필수적입니다. 비타민C와 함께 섭취하면 합성이 촉진됩니다.,"비타민C, 히알루론산",충분한 수분
200,피부노화,피부 건조함으로 주름이 더 생기는 것 같은데 어떻게 해야 하나요?,히알루론산은 수분 보유 능력이 뛰어나 피부 건조를 예방하고 주름을 완화합니다.,"히알루론산, 비타민E","금연, 자외선 차단"
201,피부노화,안티에이징을 위해 미리 먹으면 좋은 영양제가 있을까요?,비타민E와 셀레늄은 항산화제로 자외선과 활성산소로부터 피부를 보호합니다.,"셀레늄, 히알루론산","자외선 차단, 충분한 수분"
202,피부노화,자외선 노출이 많은데 피부 보호에 도움되는 영양소는?,콜라겐은 피부 진피층의 주요 단백질로 탄력과 수분 유지에 필수적입니다. 비타민C와 함께 섭취하면 합성이 촉진됩니다.,"셀레늄, 히알루론산","자외선 차단, 충분한 수분"
203,피부노화,주름이 늘어나는 것 같은데 피부 탄력에 좋은 영양제는?,히알루론산은 수분 보유 능력이 뛰어나 피부 건조를 예방하고 주름을 완화합니다.,"콜라겐, 레스베라트롤","자외선 차단, 항산화 식품"
204,피부노화,얼굴 피부가 처지고 탄력이 없는데 콜라겐 보충이 필요한가요?,비타민E와 셀레늄은 항산화제로 자외선과 활성산소로부터 피부를 보호합니다.,"셀레늄, 비타민C, 비타민E","규칙적 수면, 금연"
205,피부노화,피부 톤이 칙칙하고 잡티가 생겼는데 개선 방법이 있나요?,콜라겐은 피부 진피층의 주요 단백질로 탄력과 수분 유지에 필수적입니다. 비타민C와 함께 섭취하면 합성이 촉진됩니다.,"비타민E, 레스베라트롤, 콜라겐","금연, 자외선 차단"
206,피부노화,눈가 주름이 심해지는데 예방할 수 있는 방법은?,히알루론산은 수분 보유 능력이 뛰어나 피부 건조를 예방하고 주름을 완화합니다.,"레스베라트롤, 비타민E, 비타민C",규칙적 수면
207,피부노화,피부 건조함으로 주름이 더 생기는 것 같은데 어떻게 해야 하나요?,비타민E와 셀레늄은 항산화제로 자외선과 활성산소로부터 피부를 보호합니다.,"비타민C, 레스베라트롤, 비타민E","규칙적 수면, 금연"
208,피부노화,안티에이징을 위해 미리 먹으면 좋은 영양제가 있을까요?,콜라겐은 피부 진피층의 주요 단백질로 탄력과 수분 유지에 필수적입니다. 비타민C와 함께 섭취하면 합성이 촉진됩니다.,"셀레늄, 레스베라트롤",규칙적 수면
209,피부노화,자외선 노출이 많은데 피부 보호에 도움되는 영양소는?,히알루론산은 수분 보유 능력이 뛰어나 피부 건조를 예방하고 주름을 완화합니다.,"레스베라트롤, 콜라겐, 히알루론산",항산화 식품
210,피부노화,주름이 늘어나는 것 같은데 피부 탄력에 좋은 영양제는?,비타민E와 셀레늄은 항산화제로 자외선과 활성산소로부터 피부를 보호합니다.,"콜라겐, 레스베라트롤",금연
211,체중증가,다이어트 중인데 식욕 조절에 도움되는 영양제가 있나요?,L-카르니틴은 지방을 에너지로 전환하는 과정을 돕고 운동 시 지방 연소를 촉진합니다.,"가르시니아캄보지아, L-카르니틴, 크롬",규칙적 식사
212,체중증가,운동해도 체중이 안 빠지는데 대사 개선 방법이 있을까요?,크롬은 인슐린 감수성을 개선하여 혈당 조절과 식욕 억제에 도움이 됩니다.,"크롬, L-카르니틴, CLA","충분한 수면, 고단백 저탄수화물"
213,체중증가,야식이 끊기지 않는데 식욕 억제에 효과적인 방법은?,CLA(공액리놀레산)는 체지방 감소와 근육량 유지에 효과적이며 기초대사량 향상에 도움이 됩니다.,"크롬, CLA, 녹차추출물",유산소 운동
214,체중증가,붓기가 심한데 수분 배출에 도움되는 영양소가 있나요?,L-카르니틴은 지방을 에너지로 전환하는 과정을 돕고 운동 시 지방 연소를 촉진합니다.,"녹차추출물, L-카르니틴, 가르시니아캄보지아","규칙적 식사, 충분한 수면"
215,체중증가,살이 찌기 쉬운 체질인데 기초대사량을 높이려면?,크롬은 인슐린 감수성을 개선하여 혈당 조절과 식욕 억제에 도움이 됩니다.,"가르시니아캄보지아, L-카르니틴",고단백 저탄수화물
216,체중증가,폭식 충동이 있는데 혈당 조절에 도움되는 영양제는?,CLA(공액리놀레산)는 체지방 감소와 근육량 유지에 효과적이며 기초대사량 향상에 도움이 됩니다.,"크롬, 녹차추출물",근력 운동
217,체중증가,체중 감량을 위해 식단 조절과 함께 먹으면 좋은 영양제는?,L-카르니틴은 지방을 에너지로 전환하는 과정을 돕고 운동 시 지방 연소를 촉진합니다.,"녹차추출물, L-카르니틴, CLA",근력 운동
218,체중증가,다이어트 중인데 식욕 조절에 도움되는 영양제가 있나요?,크롬은 인슐린 감수성을 개선하여 혈당 조절과 식욕 억제에 도움이 됩니다.,"L-카르니틴, 가르시니아캄보지아",충분한 수면
219,체중증가,운동해도 체중이 안 빠지는데 대사 개선 방법이 있을까요?,CLA(공액리놀레산)는 체지방 감소와 근육량 유지에 효과적이며 기초대사량 향상에 도움이 됩니다.,"가르시니아캄보지아, 크롬, CLA","규칙적 식사, 고단백 저탄수화물"
220,체중증가,야식이 끊기지 않는데 식욕 억제에 효과적인 방법은?,L-카르니틴은 지방을 에너지로 전환하는 과정을 돕고 운동 시 지방 연소를 촉진합니다.,"크롬, L-카르니틴",유산소 운동
221,체중증가,붓기가 심한데 수분 배출에 도움되는 영양소가 있나요?,크롬은 인슐린 감수성을 개선하여 혈당 조절과 식욕 억제에 도움이 됩니다.,"크롬, 녹차추출물",고단백 저탄수화물
222,체중증가,살이 찌기 쉬운 체질인데 기초대사량을 높이려면?,CLA(공액리놀레산)는 체지방 감소와 근육량 유지에 효과적이며 기초대사량 향상에 도움이 됩니다.,"녹차추출물, 가르시니아캄보지아, CLA",충분한 수면
223,체중증가,폭식 충동이 있는데 혈당 조절에 도움되는 영양제는?,L-카르니틴은 지방을 에너지로 전환하는 과정을 돕고 운동 시 지방 연소를 촉진합니다.,"CLA, L-카르니틴, 크롬",충분한 수면
224,체중증가,체중 감량을 위해 식단 조절과 함께 먹으면 좋은 영양제는?,크롬은 인슐린 감수성을 개선하여 혈당 조절과 식욕 억제에 도움이 됩니다.,"가르시니아캄보지아, L-카르니틴","고단백 저탄수화물, 충분한 수면"
225,체중증가,다이어트 중인데 식욕 조절에 도움되는 영양제가 있나요?,CLA(공액리놀레산)는 체지방 감소와 근육량 유지에 효과적이며 기초대사량 향상에 도움이 됩니다.,"L-카르니틴, 가르시니아캄보지아, 녹차추출물",근력 운동
226,심장두근거림,가슴이 두근거리고 불안한데 심장 건강에 좋은 영양제가 있나요?,마그네슘과 칼륨은 심장 박동을 조절하는 전해질로 결핍 시 부정맥이 나타날 수 있습니다.,"마그네슘, 테아닌, 코큐텐","카페인 줄이기, 깊은 호흡"
227,심장두근거림,긴장하면 심장이 빨리 뛰는데 완화 방법 알려주세요.,테아닌은 긴장을 완화하고 자율신경계를 안정시켜 스트레스성 심계항진을 줄입니다.,"마그네슘, 칼륨, 테아닌","규칙적 운동, 카페인 줄이기"
228,심장두근거림,카페인 섭취 후 심장이 두근거리는데 관리 방법이 있나요?,코큐텐은 심장 근육의 에너지 생성을 돕고 심혈관 건강을 지원합니다.,"테아닌, 코큐텐, 마그네슘",스트레스 관리
229,심장두근거림,부정맥 증상이 있는데 전해질 보충이 필요한가요?,마그네슘과 칼륨은 심장 박동을 조절하는 전해질로 결핍 시 부정맥이 나타날 수 있습니다.,"호손베리, 마그네슘, 테아닌",규칙적 운동
230,심장두근거림,밤에 심장이 두근거려서 잠들기 힘든데 어떻게 해야 하나요?,테아닌은 긴장을 완화하고 자율신경계를 안정시켜 스트레스성 심계항진을 줄입니다.,"호손베리, 코큐텐","규칙적 운동, 스트레스 관리"
231,심장두근거림,운동 후 심장이 과하게 뛰는데 정상인가요?,코큐텐은 심장 근육의 에너지 생성을 돕고 심혈관 건강을 지원합니다.,"호손베리, 마그네슘",규칙적 운동
232,심장두근거림,가슴 답답함과 두근거림이 동시에 오는데 원인이 뭘까요?,마그네슘과 칼륨은 심장 박동을 조절하는 전해질로 결핍 시 부정맥이 나타날 수 있습니다.,"칼륨, 오메가3, 호손베리","규칙적 운동, 카페인 줄이기"
233,심장두근거림,가슴이 두근거리고 불안한데 심장 건강에 좋은 영양제가 있나요?,테아닌은 긴장을 완화하고 자율신경계를 안정시켜 스트레스성 심계항진을 줄입니다.,"칼륨, 테아닌","카페인 줄이기, 규칙적 운동"
234,심장두근거림,긴장하면 심장이 빨리 뛰는데 완화 방법 알려주세요.,코큐텐은 심장 근육의 에너지 생성을 돕고 심혈관 건강을 지원합니다.,"테아닌, 호손베리",스트레스 관리
235,심장두근거림,카페인 섭취 후 심장이 두근거리는데 관리 방법이 있나요?,마그네슘과 칼륨은 심장 박동을 조절하는 전해질로 결핍 시 부정맥이 나타날 수 있습니다.,"오메가3, 호손베리, 코큐텐","깊은 호흡, 충분한 수면"
236,심장두근거림,부정맥 증상이 있는데 전해질 보충이 필요한가요?,테아닌은 긴장을 완화하고 자율신경계를 안정시켜 스트레스성 심계항진을 줄입니다.,"마그네슘, 코큐텐, 테아닌",깊은 호흡
237,심장두근거림,밤에 심장이 두근거려서 잠들기 힘든데 어떻게 해야 하나요?,코큐텐은 심장 근육의 에너지 생성을 돕고 심혈관 건강을 지원합니다.,"코큐텐, 칼륨, 오메가3","깊은 호흡, 스트레스 관리"
238,심장두근거림,운동 후 심장이 과하게 뛰는데 정상인가요?,마그네슘과 칼륨은 심장 박동을 조절하는 전해질로 결핍 시 부정맥이 나타날 수 있습니다.,"오메가3, 칼륨, 마그네슘","규칙적 운동, 깊은 호흡"
239,심장두근거림,가슴 답답함과 두근거림이 동시에 오는데 원인이 뭘까요?,테아닌은 긴장을 완화하고 자율신경계를 안정시켜 스트레스성 심계항진을 줄입니다.,"마그네슘, 코큐텐","깊은 호흡, 충분한 수면"
240,심장두근거림,가슴이 두근거리고 불안한데 심장 건강에 좋은 영양제가 있나요?,코큐텐은 심장 근육의 에너지 생성을 돕고 심혈관 건강을 지원합니다.,"오메가3, 코큐텐",깊은 호흡
241,손발저림,손발이 자주 저리고 차가운데 혈액순환 개선 방법은?,"비타민B1(티아민)과 B12는 말초신경 기능 유지에 필수적이며, 결핍 시 신경병증이 나타날 수 있습니다.","오메가3, 은행잎추출물, 비타민B1",온찜질
242,손발저림,밤에 손발 저림으로 깨는데 신경 건강에 좋은 영양제가 있나요?,알파리포산은 신경 재생을 돕고 당뇨병성 신경병증 증상 완화에 효과적입니다.,"은행잎추출물, 비타민B1, 비타민B12","금연, 스트레칭"
243,손발저림,손가락 끝이 저리고 감각이 둔한데 비타민 부족인가요?,은행잎 추출물은 말초 혈액순환을 개선하여 손발 저림과 냉증 완화에 도움이 됩니다.,"은행잎추출물, 비타민B12",온찜질
244,손발저림,오래 앉아있으면 다리가 저린데 예방 방법 알려주세요.,"비타민B1(티아민)과 B12는 말초신경 기능 유지에 필수적이며, 결핍 시 신경병증이 나타날 수 있습니다.","알파리포산, 오메가3, 마그네슘",바른 자세
245,손발저림,당뇨는 아닌데 손발 저림이 있으면 어떤 검사를 해야 하나요?,알파리포산은 신경 재생을 돕고 당뇨병성 신경병증 증상 완화에 효과적입니다.,"오메가3, 은행잎추출물",금연
246,손발저림,손발 저림과 함께 통증도 있는데 신경 손상인가요?,은행잎 추출물은 말초 혈액순환을 개선하여 손발 저림과 냉증 완화에 도움이 됩니다.,"오메가3, 은행잎추출물","규칙적 운동, 바른 자세"
247,손발저림,혈액순환제 외에 자연스럽게 개선할 수 있는 방법이 있나요?,"비타민B1(티아민)과 B12는 말초신경 기능 유지에 필수적이며, 결핍 시 신경병증이 나타날 수 있습니다.","은행잎추출물, 알파리포산, 비타민B1",금연
248,손발저림,손발이 자주 저리고 차가운데 혈액순환 개선 방법은?,알파리포산은 신경 재생을 돕고 당뇨병성 신경병증 증상 완화에 효과적입니다.,"오메가3, 마그네슘",바른 자세
249,손발저림,밤에 손발 저림으로 깨는데 신경 건강에 좋은 영양제가 있나요?,은행잎 추출물은 말초 혈액순환을 개선하여 손발 저림과 냉증 완화에 도움이 됩니다.,"비타민B12, 은행잎추출물, 마그네슘","금연, 바른 자세"
250,손발저림,손가락 끝이 저리고 감각이 둔한데 비타민 부족인가요?,"비타민B1(티아민)과 B12는 말초신경 기능 유지에 필수적이며, 결핍 시 신경병증이 나타날 수 있습니다.","비타민B12, 알파리포산","바른 자세, 규칙적 운동"
251,손발저림,오래 앉아있으면 다리가 저린데 예방 방법 알려주세요.,알파리포산은 신경 재생을 돕고 당뇨병성 신경병증 증상 완화에 효과적입니다.,"비타민B1, 마그네슘, 은행잎추출물",금연
252,손발저림,당뇨는 아닌데 손발 저림이 있으면 어떤 검사를 해야 하나요?,은행잎 추출물은 말초 혈액순환을 개선하여 손발 저림과 냉증 완화에 도움이 됩니다.,"비타민B12, 알파리포산",규칙적 운동
253,손발저림,손발 저림과 함께 통증도 있는데 신경 손상인가요?,"비타민B1(티아민)과 B12는 말초신경 기능 유지에 필수적이며, 결핍 시 신경병증이 나타날 수 있습니다.","마그네슘, 비타민B1","금연, 규칙적 운동"
254,손발저림,혈액순환제 외에 자연스럽게 개선할 수 있는 방법이 있나요?,알파리포산은 신경 재생을 돕고 당뇨병성 신경병증 증상 완화에 효과적입니다.,"은행잎추출물, 알파리포산, 마그네슘",금연
255,손발저림,손발이 자주 저리고 차가운데 혈액순환 개선 방법은?,은행잎 추출물은 말초 혈액순환을 개선하여 손발 저림과 냉증 완화에 도움이 됩니다.,"비타민B12, 알파리포산",규칙적 운동
256,요통,허리 통증으로 일상생활이 불편한데 디스크 관리 방법은?,MSM과 글루코사민은 척추 디스크와 연골 건강 유지에 도움이 되며 염증성 통증을 완화합니다.,"비타민D, 글루코사민",코어 근력 운동
257,요통,앉았다 일어날 때 허리가 아픈데 근육 강화 방법 알려주세요.,"비타민D와 칼슘은 뼈 건강에 필수적이며, 척추 골밀도 유지와 골다공증 예방에 중요합니다.","커큐민, 비타민D, 마그네슘","무거운 물건 조심, 바른 자세"
258,요통,만성 요통이 있는데 염증 완화에 도움되는 영양제가 있나요?,커큐민은 강력한 항염 작용으로 요통과 관련된 염증을 줄이는 데 효과적입니다.,"커큐민, 비타민D",바른 자세
259,요통,장시간 운전 후 허리가 아픈데 예방 방법이 있을까요?,MSM과 글루코사민은 척추 디스크와 연골 건강 유지에 도움이 되며 염증성 통증을 완화합니다.,"칼슘, 글루코사민, 마그네슘",적정 체중 유지
260,요통,허리 디스크 예방을 위해 미리 먹으면 좋은 영양제는?,"비타민D와 칼슘은 뼈 건강에 필수적이며, 척추 골밀도 유지와 골다공증 예방에 중요합니다.","글루코사민, 비타민D",적정 체중 유지
261,요통,요통과 함께 다리 저림도 있는데 척추 건강 관리 방법은?,커큐민은 강력한 항염 작용으로 요통과 관련된 염증을 줄이는 데 효과적입니다.,"글루코사민, 비타민D, 칼슘",코어 근력 운동
262,요통,허리 근육이 자주 뭉치는데 이완에 도움되는 방법 알려주세요.,MSM과 글루코사민은 척추 디스크와 연골 건강 유지에 도움이 되며 염증성 통증을 완화합니다.,"마그네슘, MSM, 칼슘",적정 체중 유지
263,요통,허리 통증으로 일상생활이 불편한데 디스크 관리 방법은?,"비타민D와 칼슘은 뼈 건강에 필수적이며, 척추 골밀도 유지와 골다공증 예방에 중요합니다.","비타민D, 글루코사민, 마그네슘","허리 스트레칭, 바른 자세"
264,요통,앉았다 일어날 때 허리가 아픈데 근육 강화 방법 알려주세요.,커큐민은 강력한 항염 작용으로 요통과 관련된 염증을 줄이는 데 효과적입니다.,"비타민D, MSM",허리 스트레칭
265,요통,만성 요통이 있는데 염증 완화에 도움되는 영양제가 있나요?,MSM과 글루코사민은 척추 디스크와 연골 건강 유지에 도움이 되며 염증성 통증을 완화합니다.,"마그네슘, 비타민D, MSM","허리 스트레칭, 코어 근력 운동"
266,요통,장시간 운전 후 허리가 아픈데 예방 방법이 있을까요?,"비타민D와 칼슘은 뼈 건강에 필수적이며, 척추 골밀도 유지와 골다공증 예방에 중요합니다.","마그네슘, MSM, 글루코사민",무거운 물건 조심
267,요통,허리 디스크 예방을 위해 미리 먹으면 좋은 영양제는?,커큐민은 강력한 항염 작용으로 요통과 관련된 염증을 줄이는 데 효과적입니다.,"MSM, 글루코사민",적정 체중 유지
268,요통,요통과 함께 다리 저림도 있는데 척추 건강 관리 방법은?,MSM과 글루코사민은 척추 디스크와 연골 건강 유지에 도움이 되며 염증성 통증을 완화합니다.,"비타민D, 커큐민",바른 자세
269,요통,허리 근육이 자주 뭉치는데 이완에 도움되는 방법 알려주세요.,"비타민D와 칼슘은 뼈 건강에 필수적이며, 척추 골밀도 유지와 골다공증 예방에 중요합니다.","커큐민, MSM",적정 체중 유지
270,요통,허리 통증으로 일상생활이 불편한데 디스크 관리 방법은?,커큐민은 강력한 항염 작용으로 요통과 관련된 염증을 줄이는 데 효과적입니다.,"MSM, 마그네슘",코어 근력 운동
271,호흡곤란,조금만 움직여도 숨이 차는데 폐 기능 개선 방법이 있나요?,코큐텐은 세포 에너지 생성을 돕고 심폐 지구력 향상에 도움이 됩니다.,"프로폴리스, NAC",천천히 호흡
272,호흡곤란,가슴이 답답하고 호흡이 불편한데 도움되는 영양소가 있나요?,비타민C와 프로폴리스는 호흡기 면역을 강화하고 염증을 완화합니다.,"마그네슘, 코큐텐, 프로폴리스",규칙적 운동
273,호흡곤란,운동할 때 호흡이 빨리 가빠지는데 지구력 향상 방법은?,테아닌은 불안으로 인한 과호흡을 진정시키고 호흡을 안정시키는 데 도움이 됩니다.,"프로폴리스, 비타민C","스트레스 관리, 금연"
274,호흡곤란,기침 후 숨쉬기 힘든데 호흡기 건강 관리 방법 알려주세요.,코큐텐은 세포 에너지 생성을 돕고 심폐 지구력 향상에 도움이 됩니다.,"프로폴리스, NAC","스트레스 관리, 실내 환기"
275,호흡곤란,천식은 아닌데 가끔 호흡이 불규칙한데 원인이 뭘까요?,비타민C와 프로폴리스는 호흡기 면역을 강화하고 염증을 완화합니다.,"비타민C, 코큐텐, 프로폴리스","실내 환기, 규칙적 운동"
276,호흡곤란,미세먼지 심한 날 호흡이 더 힘든데 폐 보호 방법이 있나요?,테아닌은 불안으로 인한 과호흡을 진정시키고 호흡을 안정시키는 데 도움이 됩니다.,"NAC, 코큐텐, 프로폴리스","실내 환기, 규칙적 운동"
277,호흡곤란,불안할 때 과호흡이 오는데 진정에 도움되는 방법은?,코큐텐은 세포 에너지 생성을 돕고 심폐 지구력 향상에 도움이 됩니다.,"프로폴리스, 비타민C, 코큐텐","실내 환기, 규칙적 운동"
278,호흡곤란,조금만 움직여도 숨이 차는데 폐 기능 개선 방법이 있나요?,비타민C와 프로폴리스는 호흡기 면역을 강화하고 염증을 완화합니다.,"NAC, 마그네슘","스트레스 관리, 천천히 호흡"
279,호흡곤란,가슴이 답답하고 호흡이 불편한데 도움되는 영양소가 있나요?,테아닌은 불안으로 인한 과호흡을 진정시키고 호흡을 안정시키는 데 도움이 됩니다.,"프로폴리스, 비타민C, 코큐텐",규칙적 운동
280,호흡곤란,운동할 때 호흡이 빨리 가빠지는데 지구력 향상 방법은?,코큐텐은 세포 에너지 생성을 돕고 심폐 지구력 향상에 도움이 됩니다.,"NAC, 마그네슘",스트레스 관리
281,호흡곤란,기침 후 숨쉬기 힘든데 호흡기 건강 관리 방법 알려주세요.,비타민C와 프로폴리스는 호흡기 면역을 강화하고 염증을 완화합니다.,"비타민C, 마그네슘",스트레스 관리
282,호흡곤란,천식은 아닌데 가끔 호흡이 불규칙한데 원인이 뭘까요?,테아닌은 불안으로 인한 과호흡을 진정시키고 호흡을 안정시키는 데 도움이 됩니다.,"코큐텐, NAC","스트레스 관리, 천천히 호흡"
283,호흡곤란,미세먼지 심한 날 호흡이 더 힘든데 폐 보호 방법이 있나요?,코큐텐은 세포 에너지 생성을 돕고 심폐 지구력 향상에 도움이 됩니다.,"NAC, 비타민C",실내 환기
284,호흡곤란,불안할 때 과호흡이 오는데 진정에 도움되는 방법은?,비타민C와 프로폴리스는 호흡기 면역을 강화하고 염증을 완화합니다.,"마그네슘, 프로폴리스","천천히 호흡, 규칙적 운동"
285,호흡곤란,조금만 움직여도 숨이 차는데 폐 기능 개선 방법이 있나요?,테아닌은 불안으로 인한 과호흡을 진정시키고 호흡을 안정시키는 데 도움이 됩니다.,"프로폴리스, 코큐텐","금연, 규칙적 운동"
286,혈당불안정,식후 졸음이 심한데 혈당 조절에 도움되는 영양제가 있나요?,크롬은 인슐린 민감도를 높여 혈당 조절을 돕고 당 대사를 개선합니다.,"크롬, 시나몬추출물, 비타민D","식이섬유 섭취, 규칙적 운동"
287,혈당불안정,단 음식이 자꾸 당기는데 혈당 관리 방법 알려주세요.,식이섬유는 당 흡수 속도를 늦춰 혈당 스파이크를 예방하고 포만감을 높입니다.,"시나몬추출물, 크롬","천천히 씹기, 단순당 줄이기"
288,혈당불안정,공복감을 자주 느끼는데 혈당 균형을 맞추려면?,마그네슘은 인슐린 분비와 포도당 대사에 관여하여 혈당 균형 유지에 필수적입니다.,"마그네슘, 알파리포산","단순당 줄이기, 규칙적 식사"
289,혈당불안정,저혈당 증상이 자주 오는데 예방 방법이 있을까요?,크롬은 인슐린 민감도를 높여 혈당 조절을 돕고 당 대사를 개선합니다.,"알파리포산, 비타민D","식이섬유 섭취, 규칙적 운동"
290,혈당불안정,당뇨 전단계인데 혈당 관리를 위한 영양제 추천 부탁드립니다.,식이섬유는 당 흡수 속도를 늦춰 혈당 스파이크를 예방하고 포만감을 높입니다.,"마그네슘, 비타민D",규칙적 식사
291,혈당불안정,식사 후 손 떨림이 있는데 혈당 문제인가요?,마그네슘은 인슐린 분비와 포도당 대사에 관여하여 혈당 균형 유지에 필수적입니다.,"크롬, 식이섬유",규칙적 운동
292,혈당불안정,혈당 스파이크를 막을 수 있는 자연스러운 방법이 있나요?,크롬은 인슐린 민감도를 높여 혈당 조절을 돕고 당 대사를 개선합니다.,"알파리포산, 비타민D",규칙적 식사
293,혈당불안정,식후 졸음이 심한데 혈당 조절에 도움되는 영양제가 있나요?,식이섬유는 당 흡수 속도를 늦춰 혈당 스파이크를 예방하고 포만감을 높입니다.,"알파리포산, 비타민D, 마그네슘","천천히 씹기, 규칙적 운동"
294,혈당불안정,단 음식이 자꾸 당기는데 혈당 관리 방법 알려주세요.,마그네슘은 인슐린 분비와 포도당 대사에 관여하여 혈당 균형 유지에 필수적입니다.,"마그네슘, 시나몬추출물, 식이섬유","규칙적 운동, 식이섬유 섭취"
295,혈당불안정,공복감을 자주 느끼는데 혈당 균형을 맞추려면?,크롬은 인슐린 민감도를 높여 혈당 조절을 돕고 당 대사를 개선합니다.,"비타민D, 크롬, 알파리포산","식이섬유 섭취, 규칙적 운동"
296,혈당불안정,저혈당 증상이 자주 오는데 예방 방법이 있을까요?,식이섬유는 당 흡수 속도를 늦춰 혈당 스파이크를 예방하고 포만감을 높입니다.,"크롬, 마그네슘, 비타민D",천천히 씹기
297,혈당불안정,당뇨 전단계인데 혈당 관리를 위한 영양제 추천 부탁드립니다.,마그네슘은 인슐린 분비와 포도당 대사에 관여하여 혈당 균형 유지에 필수적입니다.,"식이섬유, 마그네슘, 시나몬추출물",규칙적 운동
298,혈당불안정,식사 후 손 떨림이 있는데 혈당 문제인가요?,크롬은 인슐린 민감도를 높여 혈당 조절을 돕고 당 대사를 개선합니다.,"크롬, 알파리포산",규칙적 식사
299,혈당불안정,혈당 스파이크를 막을 수 있는 자연스러운 방법이 있나요?,식이섬유는 당 흡수 속도를 늦춰 혈당 스파이크를 예방하고 포만감을 높입니다.,"알파리포산, 크롬",천천히 씹기
300,혈당불안정,식후 졸음이 심한데 혈당 조절에 도움되는 영양제가 있나요?,마그네슘은 인슐린 분비와 포도당 대사에 관여하여 혈당 균형 유지에 필수적입니다.,"마그네슘, 비타민D","천천히 씹기, 규칙적 운동"
